,Mario,$2y$10$aqFnpecTrsohwx8bR.TZAuBYlhzXdFuLbfgDtQPZggtIuSAS.BOq2,45320987,Mario@gmail.com,Mario Duncan,8,0,30/11/2001
,Anika,$2y$10$aqFnpecTrsohwx8bR.TZAuBYlhzXdFuLbfgDtQPZggtIuSAS.BOq2,23459876,Anika@gmail.com,Anika Gutierez,5,2,11/12/2001
,Simon,$2y$10$aqFnpecTrsohwx8bR.TZAuBYlhzXdFuLbfgDtQPZggtIuSAS.BOq2,43546734,Simon@gmail.com,Simon Fox,9,0,07/02/2002
,Lynn,$2y$10$aqFnpecTrsohwx8bR.TZAuBYlhzXdFuLbfgDtQPZggtIuSAS.BOq2,34530980,Lynn@gmail.com,Lynn Washington,3,0,04/03/2000
,Chris,$2y$10$aqFnpecTrsohwx8bR.TZAuBYlhzXdFuLbfgDtQPZggtIuSAS.BOq2,23534789,Chris@gmail.com,Chris Bennett,11,0,04/02/1998
,Sara,$2y$10$aqFnpecTrsohwx8bR.TZAuBYlhzXdFuLbfgDtQPZggtIuSAS.BOq2,34539876,Sara@gmail.com,Sara Duncan,7,1,03/11/1979
,Richard,$2y$10$aqFnpecTrsohwx8bR.TZAuBYlhzXdFuLbfgDtQPZggtIuSAS.BOq2,34536132,Richard@gmail.com,Richard Holmes,6,1,07/10/1983
,Asher,$2y$10$aqFnpecTrsohwx8bR.TZAuBYlhzXdFuLbfgDtQPZggtIuSAS.BOq2,45687698,Asher@gmail.com,Asher Mitchell,3,0,06/06/2005
,Claire,$2y$10$aqFnpecTrsohwx8bR.TZAuBYlhzXdFuLbfgDtQPZggtIuSAS.BOq2,36556567,Claire@gmail.com,Claire Carter,9,0,02/02/2004
,George,$2y$10$aqFnpecTrsohwx8bR.TZAuBYlhzXdFuLbfgDtQPZggtIuSAS.BOq2,96724867,George@gmail.com,George Morales,0,0,25/07/2001
